"key","collection","code","number","totalRows","variantCount","titleVariantCount","lyricsVariantCount","rowIds","titles","lyricsHashes"
"CAN|CAN1|1","CAN","CAN1","1","3","3","2","3","985|3786|6001","Meenya Ngyirama Apem Matow Ndwom || Meenya Ngyirama Apem Matow Ndwom || Dɛn na memfa nyi me Nyame ayɛ","234fbbe12d79|c9d10bf68b78|9b9dca8ea772"
"CAN|CAN2|2","CAN","CAN2","2","2","2","1","2","986|3787","Nyimpa A Hom Wo Wiadze Nyina || Nyimpa A Hom Wo Wiadze Nyina","e72c12d7f960|be8129371a04"
"CAN|CAN3|3","CAN","CAN3","3","2","2","1","2","987|3788","Wi N' ase Abodze Nyina || Wi N' ase Abodze Nyina","81d8609c0580|5e3ad10be4f1"
"CAN|CAN4|4","CAN","CAN4","4","2","2","1","2","988|3789","Domankoma ! Wo Sor Tsebea || Domankoma ! Wo Sor Tsebea","f7a3a05a9a99|66a00dea5625"
"CAN|CAN5|5","CAN","CAN5","5","2","2","1","2","989|3790","Hom Nkotow Hen Nyimnyamfo A Owo Sor || Hom Nkotow Hen Nyimnyamfo A Owo Sor","603afac404e6|f047818a1c12"
"CAN|CAN6|6","CAN","CAN6","6","2","2","1","2","990|3791","O Sor Ewuradze Wo Kronkronye Feefew Mu || O Sor Ewuradze Wo Kronkronye Feefew Mu","aa216b28413e|0aff644932e9"
"CAN|CAN7|7","CAN","CAN7","7","2","2","1","2","991|3792","Hen 'Koma, Nsa, Nye Ndze || Hen 'Koma, Nsa, Nye Ndze","a81ff6101f56|0e0d52ce4045"
"CAN|CAN8|8","CAN","CAN8","8","2","2","1","2","992|3793","Me Kra, Yi Osor Hen Ayew || Me Kra, Yi Osor Hen Ayew","6c2c6b80c4cd|bea3b09db08a"
"CAN|CAN9|9","CAN","CAN9","9","2","2","1","2","993|3794","Wonyi Nyame Hen Ayew || Wonyi Nyame Hen Ayew","d6ff83bf3c66|80cb791967ab"
"CAN|CAN10|10","CAN","CAN10","10","2","2","1","2","994|3795","Nyimnyam Hen, Asomdwee Hen || Nyimnyam Hen, Asomdwee Hen","3fcc8f4d4a10|0221c5c5d129"
"CAN|CAN11|11","CAN","CAN11","11","2","2","1","2","995|3796","Hen Nyame N' abodze Nyina || Hen Nyame N' abodze Nyina","9ca51a887e9b|5244d7c40608"
"CAN|CAN12|12","CAN","CAN12","12","2","2","1","2","996|3797","Kronkron, Kronkron, Kronkron, Otumfo Nyankopon || Kronkron, Kronkron, Kronkron, Otumfo Nyankopon","7567667327f1|3b8f17943c8d"
"CAN|CAN13|13","CAN","CAN13","13","2","2","1","2","997|3798","Osor Egya A Wo Do Kese N || Osor Egya A Wo Do Kese N","de369202e34c|78dc00b8f85b"
"CAN|CAN14|14","CAN","CAN14","14","2","2","1","2","998|3799","Ewuradze Nye Mo Guanhwefo || Ewuradze Nye Mo Guanhwefo","a2292307b594|a3300bfe711a"
"CAN|CAN15|15","CAN","CAN15","15","2","2","1","2","999|3800","Hwe, Bow Mpetsema Hyenhyenn || Hwe, Bow Mpetsema Hyenhyenn","54e1c57c40bb|5f1a8040bf68"
"CAN|CAN16|16","CAN","CAN16","16","2","2","1","2","1000|3801","Ayeyi Nka Ewuradze, Tumfo, Abodze Nyina Hen || Ayeyi Nka Ewuradze, Tumfo, Abodze Nyina Hen","f8da85ffbacb|0be09f0c9ecd"
"CAN|CAN17|17","CAN","CAN17","17","2","2","1","2","1001|3802","Oyi Nye Nyame A Yesor No N || Oyi Nye Nyame A Yesor No N","2f244a10e784|b0e4def69d7b"
"CAN|CAN18|18","CAN","CAN18","18","2","2","1","2","1002|3803","Me Nyame, Mbre Dua Ye Nwanwa A || Me Nyame, Mbre Dua Ye Nwanwa A","218dcd36a470|b40a0f7b5e1a"
"CAN|CAN19|19","CAN","CAN19","19","2","2","1","2","1003|3804","Odo Hen Nye Mo Guanhwefo || Odo Hen Nye Mo Guanhwefo","8f733e5b2748|3fecc465bdbe"
"CAN|CAN20|20","CAN","CAN20","20","2","2","1","2","1004|3805","Minsi Den Mondo Me Nyame || Minsi Den Mondo Me Nyame","dd3622833d96|7d9a5b1e2a24"
"CAN|CAN21|21","CAN","CAN21","21","2","2","1","2","1005|3806","Enyimnyam Nye Ntonton Nka || Enyimnyam Nye Ntonton Nka","718b6d016a96|3b2cea2eeb17"
"CAN|CAN22|22","CAN","CAN22","22","2","2","1","2","1006|3807","Nkorofo Nyina Nhua Jesus Dzin || Nkorofo Nyina Nhua Jesus Dzin","f05d2d546c2d|64b90f1b84d5"
"CAN|CAN23|23","CAN","CAN23","23","2","2","1","2","1007|3808","Jesus Dzin Bo Adze Nyina Do || Jesus Dzin Bo Adze Nyina Do","d008afcb864f|26258cc5f580"
"CAN|CAN24|24","CAN","CAN24","24","2","2","1","2","1008|3809","Eguambaa Bi, Nkwagye Dzin Bi || Eguambaa Bi, Nkwagye Dzin Bi","83ea3dfb2f98|daf9d68fb42f"
"CAN|CAN25|25","CAN","CAN25","25","2","2","1","2","1009|3810","Mbre Jesus Ne Dzin Dua Ye Dew || Mbre Jesus Ne Dzin Dua Ye Dew","0294e642ed4e|293334566ae3"
"CAN|CAN26|26","CAN","CAN26","26","2","2","1","2","1010|3811","Pomfo Kese, Nyame Eguambaa || Pomfo Kese, Nyame Eguambaa","8365810f590f|16f9575507e5"
"CAN|CAN27|27","CAN","CAN27","27","2","2","1","2","1011|3812","Jesu, Wo Ho Adwen Nko Mpo || Jesu, Wo Ho Adwen Nko Mpo","8872dcef2abe|08f900cdd84c"
"CAN|CAN28|28","CAN","CAN28","28","2","2","1","2","1012|3813","Jesu, 'Koma Doyefo Hon Dew || Jesu, 'Koma Doyefo Hon Dew","2c9d7b1d4ef5|2d45b507da80"
"CAN|CAN29|29","CAN","CAN29","29","2","2","1","2","1013|3814","Jesu, Me Kra No Dofo || Jesu, Me Kra No Dofo","6465d5252669|a43ff262d4d7"
"CAN|CAN30|30","CAN","CAN30","30","2","2","1","2","1014|3815","Jesus, Hen Guanhwefo || Jesus, Hen Guanhwefo","db6c4c6c2798|9e98751a1f21"
"CAN|CAN31|31","CAN","CAN31","31","2","2","1","2","1015|3816","Mbre Mudua Do Jesus || Mbre Mudua Do Jesus","3dc1cc5e51c3|58985adfdc19"
"CAN|CAN32|32","CAN","CAN32","32","2","2","1","2","1016|3817","Tsie ! Abofo Ruhua De || Tsie ! Abofo Ruhua De","d14061cae9b6|db4c57926628"
"CAN|CAN33|33","CAN","CAN33","33","2","2","1","2","1017|3818","Agyedzifo, Hom Mbra || Agyedzifo, Hom Mbra","9895af1d448e|8e315c3d6b5c"
"CAN|CAN34|34","CAN","CAN34","34","2","2","1","2","1018|3819","O Christianfo, Hom Nnyan Na Adze Akye || O Christianfo, Hom Nnyan Na Adze Akye","ae672819cd37|1c67923f9ec6"
"CAN|CAN35|35","CAN","CAN35","35","2","2","1","2","1019|3820","Adzekyee Mba Nyinara Mu Dansewa || Adzekyee Mba Nyinara Mu Dansewa","a2202a2eaf25|d5950115c183"
"CAN|CAN36|36","CAN","CAN36","36","2","2","1","2","1020|3821","Hwe, Woawo Nyame Eguambaa A || Hwe, Woawo Nyame Eguambaa A","548908f51ded|baf80341ba2d"
"CAN|CAN37|37","CAN","CAN37","37","2","2","1","2","1021|3822","Anago Bi Na Nguanhwefo || Anago Bi Na Nguanhwefo","183fc2092dfb|bde22d3bdd00"
"CAN|CAN38|38","CAN","CAN38","38","2","2","1","2","1022|3823","Osor Do No okron Dodow || Osor Do No okron Dodow","d44135da4d4a|ee0e30b352a1"
"CAN|CAN39|39","CAN","CAN39","39","2","2","1","2","1023|3824","Adom Nwanwa, Woawo N' ampa || Adom Nwanwa, Woawo N' ampa","5e1be05ba64d|6351f08f876b"
"CAN|CAN40|40","CAN","CAN40","40","2","2","1","2","1024|3825","Igyaa W' ahengua || Igyaa W' ahengua","3bcb77888978|4c0417586e52"
"CAN|CAN41|41","CAN","CAN41","41","2","2","1","2","1025|3826","Woana Na N-guanhwefo || Woana Na N-guanhwefo","06f3fd861d1e|1507bd9488aa"
"CAN|CAN42|42","CAN","CAN42","42","2","2","1","2","1026|3827","Na Nyimpa A Woaye Petsee Yi || Na Nyimpa A Woaye Petsee Yi","595e7ef863e2|994efa2afd51"
"CAN|CAN43|43","CAN","CAN43","43","2","2","1","2","1027|3828","Metsee De Jesus Ne Ndze Se || Metsee De Jesus Ne Ndze Se","449c51c02f91|28d46b026219"
"CAN|CAN44|44","CAN","CAN44","44","2","2","1","2","1028|3829","Owo A Wopemee Betsiee Wo || Owo A Wopemee Betsiee Wo","7ea4f64537c0|7b51a067ded7"
"CAN|CAN45|45","CAN","CAN45","45","2","2","1","2","1029|3830","Jesus Fre Hen! Se Hen Bra Po || Jesus Fre Hen! Se Hen Bra Po","a03c78c271fe|e8e0bbc980bf"
"CAN|CAN46|46","CAN","CAN46","46","2","2","1","2","1030|3831","Ka 'Sem Dadaw No Kyere Me || Ka 'Sem Dadaw No Kyere Me","c41c509c3d3a|bb7028ec55e9"
"CAN|CAN47|47","CAN","CAN47","47","2","2","1","2","1031|3832","Idzii Mbuada Adaduanan || Idzii Mbuada Adaduanan","2cc18374cdf6|fd9cabec4b73"
"CAN|CAN48|48","CAN","CAN48","48","2","2","1","2","1032|3833","Jesus, Motwer Wo, Medze Me Kra Twer Wo || Jesus, Motwer Wo, Medze Me Kra Twer Wo","3e70e82d7876|3b2fbae90c48"
"CAN|CAN49|49","CAN","CAN49","49","2","2","1","2","1033|3834","Mma Nnsu Mma Nyia Oso Mbeamudua || Mma Nnsu Mma Nyia Oso Mbeamudua","f18a6fed9239|e74fac926676"
"CAN|CAN50|50","CAN","CAN50","50","2","2","1","2","1034|3835","Yaw Nyimpa! Wonhwe Dzin Bi A || Yaw Nyimpa! Wonhwe Dzin Bi A","6bd8ac048e9d|67b58c621b3d"
"CAN|CAN51|51","CAN","CAN51","51","2","2","1","2","1035|3836","Aa! Jesu Kronkron, Eben Bon Na Aye || Aa! Jesu Kronkron, Eben Bon Na Aye","656e3bf2b15c|53ac459db942"
"CAN|CAN52|52","CAN","CAN52","52","2","2","1","2","1036|3837","Kokwaa Bi Wo Ekyirkyir Noho || Kokwaa Bi Wo Ekyirkyir Noho","ead152a527a3|928848c06659"
"CAN|CAN53|53","CAN","CAN53","53","2","2","1","2","1037|3838","Nyame Eguambaa, Yerekaa || Nyame Eguambaa, Yerekaa","34152f064e80|225d3ac39618"
"CAN|CAN54|54","CAN","CAN54","54","2","2","1","2","1038|3839","Moto M' enyi Hwe Anwanwa Dua A || Moto M' enyi Hwe Anwanwa Dua A","e4a229c5914c|55c08c2ae2af"
"CAN|CAN55|55","CAN","CAN55","55","2","2","1","2","1039|3840","Onyame Do! Ben Na Na Aye I || Onyame Do! Ben Na Na Aye I","df6a157c832d|2a4029366935"
"CAN|CAN56|56","CAN","CAN56","56","2","2","1","2","1040|3841","Hom Mbra Ma Yenka Mmom Kakra || Hom Mbra Ma Yenka Mmom Kakra","7870569e5caa|4d449378fb73"
"CAN|CAN57|57","CAN","CAN57","57","2","2","1","2","1041|3842","Ko Do Ko Kan Ahentum Mu || Ko Do Ko Kan Ahentum Mu","f00a1f041a78|b79d106667ab"
"CAN|CAN58|58","CAN","CAN58","58","2","2","1","2","1042|3843","Hwe Adasa Hon Agyenkwa || Hwe Adasa Hon Agyenkwa","6a88f63eaccb|df799256dbbc"
"CAN|CAN59|59","CAN","CAN59","59","2","2","1","2","1043|3844","Yetow Ayeyindwom Kamfo || Yetow Ayeyindwom Kamfo","260345760495|d442520f8c3d"
"CAN|CAN60|60","CAN","CAN60","60","2","2","1","2","1044|3845","Jesus, Fa M' Sie Mbeamudua N' ho || Jesus, Fa M' Sie Mbeamudua N' ho","832d494d36ba|c35c6860249e"
"CAN|CAN61|61","CAN","CAN61","61","2","2","1","2","1045|3846","Bura Bi Wo Ho Bogya Ma || Bura Bi Wo Ho Bogya Ma","65888ea1bbe9|076111440c80"
"CAN|CAN62|62","CAN","CAN62","62","2","2","1","2","1046|3847","O Tsir Kronkron, Wopiraa Wo || O Tsir Kronkron, Wopiraa Wo","9214cf7d0740|a52d4d15b9a4"
"CAN|CAN63|63","CAN","CAN63","63","2","2","1","2","1047|3848","Ewuradze Christ Asoer Nde; Alleluia || Ewuradze Christ Asoer Nde; Alleluia","68cb40f078ea|8967276962fc"
"CAN|CAN64|64","CAN","CAN64","64","2","2","1","2","1048|3849","Jesus Christ Asoer N-de, Hallelujah || Jesus Christ Asoer N-de, Hallelujah","6c50f427ac24|d69dec696a82"
"CAN|CAN65|65","CAN","CAN65","65","2","2","1","2","1049|3850","Christ Asoer O! Hallelujah || Christ Asoer O! Hallelujah","7d2b49ed902d|05c7b168493e"
"CAN|CAN66|66","CAN","CAN66","66","2","2","1","2","1050|3851","Ewuradze Christ Asoer Bio || Ewuradze Christ Asoer Bio","6f6738a559cc|b82f3adc219f"
"CAN|CAN67|67","CAN","CAN67","67","2","2","1","2","1051|3852","Oko Kese No Abo Adze || Oko Kese No Abo Adze","681a8a2a75f6|2a0d02e54999"
"CAN|CAN68|68","CAN","CAN68","68","2","2","1","2","1052|3853","Christ Tse Ase! Afei Owu || Christ Tse Ase! Afei Owu","d3114ba8751d|2ac78cb2ae1c"
"CAN|CAN69|69","CAN","CAN69","69","2","2","1","2","1053|3854","Tsetse Mbobow, Hom Mbuebue Yie || Tsetse Mbobow, Hom Mbuebue Yie","0566e119d9ce|eee3bfe667d5"
"CAN|CAN70|70","CAN","CAN70","70","2","2","1","2","1054|3855","Hwe Da A Christ Fowee Kor Sor, Alleluia || Hwe Da A Christ Fowee Kor Sor, Alleluia","100533a5e229|1e95a5022510"
"CAN|CAN71|71","CAN","CAN71","71","2","2","1","2","1055|3856","Hwe Konyimdzifo N' Afow Sor || Hwe Konyimdzifo N' Afow Sor","d06768b977d8|af9c68bc81bc"
"CAN|CAN72|72","CAN","CAN72","72","2","2","1","2","1056|3857","Sika Mbotsen No Ebuebue || Sika Mbotsen No Ebuebue","e3350cb2fd92|4cb3489e31fe"
"CAN|CAN73|73","CAN","CAN73","73","2","2","1","2","1057|3858","Mbowa A Jewfo Dze Boo Afor || Mbowa A Jewfo Dze Boo Afor","92fd2a97d103|6063d99a3e1b"
"CAN|CAN74|74","CAN","CAN74","74","2","2","1","2","1058|3859","Me Gyedzi Tsim Wo Do || Me Gyedzi Tsim Wo Do","78a36b9170cf|640fffadaee2"
"CAN|CAN75|75","CAN","CAN75","75","2","2","1","2","1059|3860","Dzi Dew, Nyame Ye Hen || Dzi Dew, Nyame Ye Hen","5f29d3e79171|5924663552ed"
"CAN|CAN76|76","CAN","CAN76","76","2","2","1","2","1060|3861","O Bra, O Bra Immanuel || O Bra, O Bra Immanuel","20e5cc40fd7d|b8dd012dd737"
"CAN|CAN77|77","CAN","CAN77","77","2","2","1","2","1061|3862","Hwe! Odze Mununkum Risian || Hwe! Odze Mununkum Risian","96368d2ab257|5231536e5692"
"CAN|CAN78|78","CAN","CAN78","78","2","2","1","2","1062|3863","Kwantunyi Ankonam Ne Kan || Kwantunyi Ankonam Ne Kan","60d32b4d47e4|7f93eac78021"
"CAN|CAN79|79","CAN","CAN79","79","2","2","1","2","1063|3864","Beebiara Mbre Ewia Onhyeren || Beebiara Mbre Ewia Onhyeren","4504bb44e1ad|ddbcbb02f3a8"
"CAN|CAN80|80","CAN","CAN80","80","2","2","1","2","1064|3865","O Nyame Do, Sian Famu || O Nyame Do, Sian Famu","27b583f271aa|6fec63e0e99f"
"CAN|CAN81|81","CAN","CAN81","81","2","2","1","2","1065|3866","Tsetseber A Nyame Siaan Wiadze N' || Tsetseber A Nyame Siaan Wiadze N'","76246538c32b|d4c1651e30de"
"CAN|CAN82|82","CAN","CAN82","82","2","2","1","2","1066|3867","Egya, Hye Wo Ba Enyimnyam || Egya, Hye Wo Ba Enyimnyam","1ee56bcf89f1|5ed718151c57"
"CAN|CAN83|83","CAN","CAN83","83","2","2","1","2","1067|3868","Ansaana Hen Gyefo Siarfo || Ansaana Hen Gyefo Siarfo","9e2698b5db57|1e3bb1a6b6b9"
"CAN|CAN84|84","CAN","CAN84","84","2","2","1","2","1068|3869","Ao O, Sunsum Kronkron, Bra || Ao O, Sunsum Kronkron, Bra","6b5aba943621|dd14940b7eb0"
"CAN|CAN85|85","CAN","CAN85","85","2","2","1","2","1069|3870","Nyame Sunsum, Tsie Hen Mpaabo || Nyame Sunsum, Tsie Hen Mpaabo","6db6bd6d45ec|622a379e2027"
"CAN|CAN86|86","CAN","CAN86","86","2","2","1","2","1070|3871","Nyame Ahom, Gu Mo Do || Nyame Ahom, Gu Mo Do","7382e831ada6|28d4b9baf5f2"
"CAN|CAN87|87","CAN","CAN87","87","2","2","1","2","1071|3872","Okorsa Nyame, Yesor Wo || Okorsa Nyame, Yesor Wo","c1f884bf14e7|1eeef2a6488a"
"CAN|CAN88|88","CAN","CAN88","88","2","2","1","2","1072|3873","Mboborhu Egya, W' asem Mu || Mboborhu Egya, W' asem Mu","68cd89e690ca|f4472da57e81"
"CAN|CAN89|89","CAN","CAN89","89","2","2","1","2","1073|3874","Sunsum Kronkron, Bra Hen Komam || Sunsum Kronkron, Bra Hen Komam","3d907cffd4a8|757dad029467"
"CAN|CAN90|90","CAN","CAN90","90","2","2","1","2","1074|3875","Ewuradze, W' asem Tsim || Ewuradze, W' asem Tsim","fd4de7bc5f3c|8041a68703d4"
"CAN|CAN91|91","CAN","CAN91","91","2","2","1","2","1075|3876","Kanea A Yedze Hwe Hen Kwan Mu || Kanea A Yedze Hwe Hen Kwan Mu","9ac4ce5c39e1|fd33651ca48a"
"CAN|CAN92|92","CAN","CAN92","92","2","2","1","2","1076|3877","Ma Yentow Anwanwa Do Bi Ho Ndwom || Ma Yentow Anwanwa Do Bi Ho Ndwom","5f2bc503e660|bcd20728e181"
"CAN|CAN93|93","CAN","CAN93","93","2","2","1","2","1077|3878","Ana Ahaw Na Abere || Ana Ahaw Na Abere","b360d70a458a|cd53cf293f49"
"CAN|CAN94|94","CAN","CAN94","94","2","2","1","2","1078|3879","Ewuradze Matse Nka De || Ewuradze Matse Nka De","e87a9b4bbcd9|53a250a56147"
"CAN|CAN95|95","CAN","CAN95","95","2","2","1","2","1079|3880","Jesus Gye Ndzebonyefo || Jesus Gye Ndzebonyefo","9571e1d9cb70|d397b953f0e7"
"CAN|CAN96|96","CAN","CAN96","96","2","2","1","2","1080|3881","Abon, 'Kobesaefo, Hom Mbra || Abon, 'Kobesaefo, Hom Mbra","0a728cbdad97|5a5a2a0a7eb7"
"CAN|CAN97|97","CAN","CAN97","97","2","2","1","2","1081|3882","Bra Ma Hen Yegye Christ Dzi || Bra Ma Hen Yegye Christ Dzi","a9af1b378d2d|68a2e772bbfb"
"CAN|CAN98|98","CAN","CAN98","98","2","2","1","2","1082|3883","Mma Mmpa Mo Ho, Agyenkwa Brefo || Mma Mmpa Mo Ho, Agyenkwa Brefo","5c47805821f3|66fd786d1618"
"CAN|CAN99|99","CAN","CAN99","99","2","2","1","2","1083|3884","Per Gye Hon A Woreyew || Per Gye Hon A Woreyew","e9994b642f40|95c0222085cb"
"CAN|CAN100|100","CAN","CAN100","100","2","2","1","2","1084|3885","Abow Bi Woaka Awaw Ho || Abow Bi Woaka Awaw Ho","34ba1fa69af0|3f7e14250a13"
"CAN|CAN101|101","CAN","CAN101","101","2","2","1","2","1085|3886","Bra Fie, Bra Fie || Bra Fie, Bra Fie","7c05739eba5d|7a14ff97276a"
"CAN|CAN102|102","CAN","CAN102","102","2","2","1","2","1086|3887","Bra Agyenkwa Ho, Mma Nnye Ekyim || Bra Agyenkwa Ho, Mma Nnye Ekyim","18a3d1b3039d|7fb4712e975c"
"CAN|CAN103|103","CAN","CAN103","103","2","2","1","2","1087|3888","Oduyefo Kese N'aben || Oduyefo Kese N'aben","b8d2a4952e27|6c32eb493eb4"
"CAN|CAN104|104","CAN","CAN104","104","2","2","1","2","1088|3889","Abofo Rikyin Hen Ho || Abofo Rikyin Hen Ho","32ba953dc29d|74d53608581a"
"CAN|CAN105|105","CAN","CAN105","105","2","2","1","2","1089|3890","Werehonyi, 'Wo Hen Ara A || Werehonyi, 'Wo Hen Ara A","10c7f5817176|5ac7ff47a067"
"CAN|CAN106|106","CAN","CAN106","106","2","2","1","2","1090|3891","Obon, Ye Ntsem Hu Nyansa || Obon, Ye Ntsem Hu Nyansa","e03876afc1de|25ec68aead6c"
"CAN|CAN107|107","CAN","CAN107","107","2","2","1","2","1091|3892","Jesus Christ Na oresen N' || Jesus Christ Na oresen N'","81c9ecfb498c|4d44dde0f260"
"CAN|CAN108|108","CAN","CAN108","108","2","2","1","2","1092|3893","Si Do, Si Do Tow Kyere M'bio || Si Do, Si Do Tow Kyere M'bio","2f7979961596|d2b350011460"
"CAN|CAN109|109","CAN","CAN109","109","2","2","1","2","1093|3894","Wombo Aben N' mu, WomboM' || Wombo Aben N' mu, WomboM'","7da75fc8fb93|cedafa9dfdf9"
"CAN|CAN110|110","CAN","CAN110","110","2","2","1","2","1094|3895","Bra Jesus Ho Sesei || Bra Jesus Ho Sesei","0352e034ad68|15377b8d297e"
"CAN|CAN111|111","CAN","CAN111","111","2","2","1","2","1095|3896","Rotweon Aye Den, Mo Dofo || Rotweon Aye Den, Mo Dofo","c9c1a78bb38b|9e5f4fb1de8e"
"CAN|CAN112|112","CAN","CAN112","112","2","2","1","2","1096|3897","Medze 'Koma A Yaw Ahye N' ma || Medze 'Koma A Yaw Ahye N' ma","b331dd7dea2f|144bc006be84"
"CAN|CAN113|113","CAN","CAN113","113","2","2","1","2","1097|3898","Metse Wo Ndze Deedew N' || Metse Wo Ndze Deedew N'","0348ccb91d81|229fc57b3c61"
"CAN|CAN114|114","CAN","CAN114","114","2","2","1","2","1098|3899","Mbre Metse Yi Ara, Minnyi Hwee Ka || Mbre Metse Yi Ara, Minnyi Hwee Ka","a117055a44a9|27e66ed36273"
"CAN|CAN115|115","CAN","CAN115","115","2","2","1","2","1099|3900","Okra Bonyarfo Gyefo || Okra Bonyarfo Gyefo","7f48d650e15b|581d366c0b94"
"CAN|CAN116|116","CAN","CAN116","116","2","2","1","2","1100|3901","Maba W'asendua N'ase || Maba W'asendua N'ase","aa90ea193b67|d1cb0852e8be"
"CAN|CAN117|117","CAN","CAN117","117","2","2","1","2","1101|3902","Migyinaa Abow N' ekyir || Migyinaa Abow N' ekyir","89882dbf00dc|642779888896"
"CAN|CAN118|118","CAN","CAN118","118","2","2","1","2","1102|3903","Tsie Mo Sufre, O Hu Me Mbobor Sesei || Tsie Mo Sufre, O Hu Me Mbobor Sesei","ad51f07ccee8|58cbfa3a9b04"
"CAN|CAN119|119","CAN","CAN119","119","2","2","1","2","1103|3904","Duyefo Nwanwanyi, M'adom || Duyefo Nwanwanyi, M'adom","1f9f605774d6|8c9b82bbe3ad"
"CAN|CAN120|120","CAN","CAN120","120","2","2","1","2","1104|3905","Megya Dofo, Hyira M' Sesei || Megya Dofo, Hyira M' Sesei","4a693501c35c|3bda3653f0ce"
"CAN|CAN121|121","CAN","CAN121","121","2","2","1","2","1105|3906","Hen Na Me Kra A Nwanwa Aka N' || Hen Na Me Kra A Nwanwa Aka N'","30d29c0f4692|b39a14e6de3e"
"CAN|CAN122|122","CAN","CAN122","122","2","2","1","2","1106|3907","Na Obeye De Mibenya || Na Obeye De Mibenya","f473b72cb522|330569bb1ba4"
"CAN|CAN123|123","CAN","CAN123","123","2","2","1","2","1107|3908","Odo Nyame Baa Wiadze Ha || Odo Nyame Baa Wiadze Ha","ab1aa54de98d|57d9ac904b04"
"CAN|CAN124|124","CAN","CAN124","124","2","2","1","2","1108|3909","Afei Menya Asaase Pa A || Afei Menya Asaase Pa A","c0200108e755|7ad80a00ec6f"
"CAN|CAN125|125","CAN","CAN125","125","2","2","1","2","1109|3910","Mobotow Anwanwasem No || Mobotow Anwanwasem No","fcd79f43cbf2|19d5e353a2ea"
"CAN|CAN126|126","CAN","CAN126","126","2","2","1","2","1110|3911","O, Owo A Ifi Sor Bae || O, Owo A Ifi Sor Bae","ed8eb8d206b6|46e1285edc82"
"CAN|CAN127|127","CAN","CAN127","127","2","2","1","2","1111|3912","M'Agyenkwah! M'beye Den Etua || M'Agyenkwah! M'beye Den Etua","417b9b733b84|3374f34470c4"
"CAN|CAN128|128","CAN","CAN128","128","2","2","1","2","1112|3913","Edze Wo Nkwa Maa Me || Edze Wo Nkwa Maa Me","784db0f4d823|52598a2a1e01"
"CAN|CAN129|129","CAN","CAN129","129","2","2","1","2","1113|3914","Mbre Metse Yi Ara, Menye Wodze || Mbre Metse Yi Ara, Menye Wodze","16f023ea0d20|8c2ec7184350"
"CAN|CAN130|130","CAN","CAN130","130","2","2","1","2","1114|3915","Ber A M'akoma Ye Mberew Yi || Ber A M'akoma Ye Mberew Yi","207468110ce9|3b2b360d695d"
"CAN|CAN131|131","CAN","CAN131","131","2","2","1","2","1115|3916","Gye Me Bra, Mo Wura, Na Ma || Gye Me Bra, Mo Wura, Na Ma","d4ab5b25c6a0|47e33bfd208b"
"CAN|CAN132|132","CAN","CAN132","132","2","2","1","2","1116|3917","Mo, Sunsum, Kra, Nye Honam || Mo, Sunsum, Kra, Nye Honam","050c9024e76a|7eeaa203e0b9"
"CAN|CAN133|133","CAN","CAN133","133","2","2","1","2","1117|3918","Jesus Siarfo! Jesus Siarfo || Jesus Siarfo! Jesus Siarfo","2e46826bab6c|50b08db9b7d5"
"CAN|CAN134|134","CAN","CAN134","134","2","2","1","2","1118|3919","Nyame Adofo, Hom Mbra || Nyame Adofo, Hom Mbra","77a5069b632f|b8696873c166"
"CAN|CAN135|135","CAN","CAN135","135","2","2","1","2","1119|3920","Konyim Asor N' Ewuradze || Konyim Asor N' Ewuradze","30732480a0f6|0579074c2caa"
"CAN|CAN136|136","CAN","CAN136","136","2","2","1","2","1120|3921","O Me Nyame, Se Me Kra Hwe || O Me Nyame, Se Me Kra Hwe","3ccf56562355|ac310ccecc55"
"CAN|CAN137|137","CAN","CAN137","137","2","2","1","2","1121|3922","Siar Dasedzi- De Jesus Ye Medze || Siar Dasedzi- De Jesus Ye Medze","69fac8dd4885|7026d666402e"
"CAN|CAN138|138","CAN","CAN138","138","2","2","1","2","1122|3923","Ao, Bra Ma Yendzi Dew || Ao, Bra Ma Yendzi Dew","8e2f528d8de9|002042593153"
"CAN|CAN139|139","CAN","CAN139","139","2","2","1","2","1123|3924","Obra N' adandan Nyina Mu || Obra N' adandan Nyina Mu","b045580d7e71|630cd916e993"
"CAN|CAN140|140","CAN","CAN140","140","2","2","1","2","1124|3925","M' beyi Mo Bofo Ayew Nkwaberm || M' beyi Mo Bofo Ayew Nkwaberm","92c119443414|7a9835e782b9"
"CAN|CAN141|141","CAN","CAN141","141","2","2","1","2","1125|3926","Me Kra, Tsie! Ewuradze A || Me Kra, Tsie! Ewuradze A","68ecb3703f44|abdaa769ab93"
"CAN|CAN142|142","CAN","CAN142","142","2","2","1","2","1126|3927","Otra n-hum', Wo Do A Ho Wo Na N'a || Otra n-hum', Wo Do A Ho Wo Na N'a","4698951fc5fc|af2e8daa9c39"
"CAN|CAN143|143","CAN","CAN143","143","2","2","1","2","1127|3928","Me Jesus, Modo W', Minyim De Medze || Me Jesus, Modo W', Minyim De Medze","c0cc07cb088c|61a55023b5c1"
"CAN|CAN144|144","CAN","CAN144","144","2","2","1","2","1128|3929","Dofo, Hom Mma Yendo || Dofo, Hom Mma Yendo","2a434fcfca88|1db5dec5ae66"
"CAN|CAN145|145","CAN","CAN145","145","2","2","1","2","1129|3930","Mema M'akoma Do || Mema M'akoma Do","b32d19eb199f|2b54f14fdb42"
"CAN|CAN146|146","CAN","CAN146","146","2","2","1","2","1130|3931","De Mbre Otwe Haahaw Nsunwim ho || De Mbre Otwe Haahaw Nsunwim ho","77f025c6583b|5116dff74950"
"CAN|CAN147|147","CAN","CAN147","147","2","2","1","2","1131|3932","Mobohom Ha Ara Afeboo || Mobohom Ha Ara Afeboo","eb1176dbc07e|df8ec3fe3aca"
"CAN|CAN148|148","CAN","CAN148","148","2","2","1","2","1132|3933","Israel Guanhwefo, Na Medze || Israel Guanhwefo, Na Medze","3d5cdc20b164|e0c0a72800f9"
"CAN|CAN149|149","CAN","CAN149","149","2","2","1","2","1133|3934","Ewuradze, Yi Woho Kyere Hen || Ewuradze, Yi Woho Kyere Hen","377521c0a5d0|3a7d5348f4e6"
"CAN|CAN150|150","CAN","CAN150","150","2","2","1","2","1134|3935","Sankundwom: Marienlyst. || Sankundwom: Marienlyst.","b2252849ec3b|20d3bf2eaac1"
"CAN|CAN151|151","CAN","CAN151","151","2","2","1","2","1135|3936","Okom Na Nsukom Dze M' || Okom Na Nsukom Dze M'","55f6c63356a5|4716659bb0e8"
"CAN|CAN152|152","CAN","CAN152","152","2","2","1","2","1136|3937","Wo Nkyen Ara, Nyame || Wo Nkyen Ara, Nyame","2d7796e07563|e8cefb7b42a3"
"CAN|CAN153|153","CAN","CAN153","153","2","2","1","2","1137|3938","Bra, Bosoe Me! Mebue Abow N' Sesei || Bra, Bosoe Me! Mebue Abow N' Sesei","bc05fa7e80b8|568fa5deb41d"
"CAN|CAN154|154","CAN","CAN154","154","2","2","1","2","1138|3939","Mihia Wo Mber Nyina || Mihia Wo Mber Nyina","517829ec360e|0bd89c04a75b"
"CAN|CAN155|155","CAN","CAN155","155","2","2","1","2","1139|3940","Jesus, me Gyefo, Nua, Nyenko || Jesus, me Gyefo, Nua, Nyenko","de262e422215|00b52f8f1e9d"
"CAN|CAN156|156","CAN","CAN156","156","2","2","1","2","1140|3941","Christ Nsordaafo, Hom Nsoer || Christ Nsordaafo, Hom Nsoer","a9aa5942467b|af121a9fec1c"
"CAN|CAN157|157","CAN","CAN157","157","2","2","1","2","1141|3942","Memmfer De M'begye Mo Wura Atom || Memmfer De M'begye Mo Wura Atom","6492ea04b44c|77138cb06729"
"CAN|CAN158|158","CAN","CAN158","158","2","2","1","2","1142|3943","Soer, Ewuradze N'abasa, Soer || Soer, Ewuradze N'abasa, Soer","a422180b22df|5c84c0d576b2"
"CAN|CAN159|159","CAN","CAN159","159","2","2","1","2","1143|3944","Christian! Mma Mmpe Ahomgye Nde || Christian! Mma Mmpe Ahomgye Nde","06812ee5acdf|71b9e0b0436d"
"CAN|CAN160|160","CAN","CAN160","160","2","2","1","2","1144|3945","Ao o, m'afe! Hom Nhwe Frankaa || Ao o, m'afe! Hom Nhwe Frankaa","35e2280f5951|a16fa7f3579d"
"CAN|CAN161|161","CAN","CAN161","161","2","2","1","2","1145|3946","Wonko! Wonko Nyi Dom, Jesu Nsordaafo || Wonko! Wonko Nyi Dom, Jesu Nsordaafo","baed151e0e96|1dc1434f35a5"
"CAN|CAN162|162","CAN","CAN162","162","2","2","1","2","1146|3947","Mma Nngyaa Mu Mma Ngyigye || Mma Nngyaa Mu Mma Ngyigye","1ab4eff35997|388dad2f8d3b"
"CAN|CAN163|163","CAN","CAN163","163","2","2","1","2","1147|3948","Hen Nyame Ye Abankese || Hen Nyame Ye Abankese","e4f0cec88d12|a047713b5918"
"CAN|CAN164|164","CAN","CAN164","164","2","2","1","2","1148|3949","Tsetse Bo A Wopaae Maa Me || Tsetse Bo A Wopaae Maa Me","0838982721cb|3cd25311108d"
"CAN|CAN165|165","CAN","CAN165","165","2","2","1","2","1149|3950","Asomdwee Pa, Wo Bon Wiadze Yi Mu || Asomdwee Pa, Wo Bon Wiadze Yi Mu","d0fb28654f1f|13f09c359adf"
"CAN|CAN166|166","CAN","CAN166","166","2","2","1","2","1150|3951","Onyame Dua Kwan Sunsum Mu || Onyame Dua Kwan Sunsum Mu","deb20a56288e|b04a8d281cb1"
"CAN|CAN167|167","CAN","CAN167","167","2","2","1","2","1151|3952","Wo Kwan A; Nnye Medze || Wo Kwan A; Nnye Medze","41b6d0b416f4|aa0121e9c6eb"
"CAN|CAN168|168","CAN","CAN168","168","2","2","1","2","1152|3953","Medze Mo Bon Bre Wo || Medze Mo Bon Bre Wo","82b62dbdd60a|19d3fd7ff1df"
"CAN|CAN169|169","CAN","CAN169","169","2","2","1","2","1153|3954","Meye Hoho Wo Ha || Meye Hoho Wo Ha","689cf4693f3b|03a6e8ea33d9"
"CAN|CAN170|170","CAN","CAN170","170","2","2","1","2","1154|3955","Mefa Jesus Abawm' Sonn || Mefa Jesus Abawm' Sonn","e4aef72d25c5|3c9ba27a3c3b"
"CAN|CAN171|171","CAN","CAN171","171","2","2","1","2","1155|3956","Metse De Gyefo N' Se || Metse De Gyefo N' Se","9656b681300e|03601d350d89"
"CAN|CAN172|172","CAN","CAN172","172","2","2","1","2","1156|3957","Metse Sor Man Ho Do Mu 'I || Metse Sor Man Ho Do Mu 'I","b086566e6d1a|e88053133d16"
"CAN|CAN173|173","CAN","CAN173","173","2","2","1","2","1157|3958","Mber Pii Na Maka N' Mo Mu || Mber Pii Na Maka N' Mo Mu","b67864df4fb8|4395004e10cd"
"CAN|CAN174|174","CAN","CAN174","174","2","2","1","2","1158|3959","Gyedzinyi, Twer No, Twer No || Gyedzinyi, Twer No, Twer No","e217dc2a144c|d3939c78b4e6"
"CAN|CAN175|175","CAN","CAN175","175","2","2","1","2","1159|3960","Hen Wura, Kyere Hen Ma Yensor Yie || Hen Wura, Kyere Hen Ma Yensor Yie","541b03041cf1|dd214eff90f7"
"CAN|CAN176|176","CAN","CAN176","176","2","2","1","2","1160|3961","Yeba W'ahengua Enyim || Yeba W'ahengua Enyim","45512cc75218|fc50f14e610f"
"CAN|CAN177|177","CAN","CAN177","177","2","2","1","2","1161|3962","Asomdwee Hen || Asomdwee Hen","2524352ff974|fbb9cb60a3f3"
"CAN|CAN178|178","CAN","CAN178","178","2","2","1","2","1162|3963","Me Kra Nam Mo Pomfo No Do || Me Kra Nam Mo Pomfo No Do","eac797a4e911|e8642f8afc22"
"CAN|CAN179|179","CAN","CAN179","179","2","2","1","2","1163|3964","Bekyebo Kan! Bekebo Kan || Bekyebo Kan! Bekebo Kan","cc6956ec1c4e|224df32fbd75"
"CAN|CAN180|180","CAN","CAN180","180","2","2","1","2","1164|3965","Agyenkwa Jesus, Fi Sor Bra || Agyenkwa Jesus, Fi Sor Bra","afcdec6c98b9|dbe8d3811077"
"CAN|CAN181|181","CAN","CAN181","181","2","2","1","2","1165|3966","Adze Nyina Ne Ye Nnye Dzen Mma || Adze Nyina Ne Ye Nnye Dzen Mma","0afd6bda707a|e1c11b83d27c"
"CAN|CAN182|182","CAN","CAN182","182","2","2","1","2","1166|3967","Ao, Nkye Meenya 'Koma A Bon Nnyim || Ao, Nkye Meenya 'Koma A Bon Nnyim","0cc58076c816|65096e981c31"
"CAN|CAN183|183","CAN","CAN183","183","2","2","1","2","1167|3968","Mo Wura Jesus, Mo Kon Do De Midzi Mu || Mo Wura Jesus, Mo Kon Do De Midzi Mu","b73924dc7641|a9c6509be261"
"CAN|CAN184|184","CAN","CAN184","184","2","2","1","2","1168|3969","Mo Wura Jesus, Wahoofew N' || Mo Wura Jesus, Wahoofew N'","3fd0ed69a256|30a24139e887"
"CAN|CAN185|185","CAN","CAN185","185","2","2","1","2","1169|3970","Egya, Megye Dzi Pi || Egya, Megye Dzi Pi","1a4fe302ae01|df1d31a82e53"
"CAN|CAN186|186","CAN","CAN186","186","2","2","1","2","1170|3971","Minyim De Mo Pomfo Tse Ase || Minyim De Mo Pomfo Tse Ase","f63cefdfdcd3|71384284195b"
"CAN|CAN187|187","CAN","CAN187","187","2","2","1","2","1171|3972","Wodze Daa! Odo Nyame || Wodze Daa! Odo Nyame","ebafe489e01c|99d14e767c4d"
"CAN|CAN188|188","CAN","CAN188","188","2","2","1","2","1172|3973","Asodzi Da Mo Do || Asodzi Da Mo Do","897c0253ba7e|5f9148ccc05b"
"CAN|CAN189|189","CAN","CAN189","189","2","2","1","2","1173|3974","Gyefo, Owo, Do Ntsi || Gyefo, Owo, Do Ntsi","d93e7b31ff96|e37f3551ecf9"
"CAN|CAN190|190","CAN","CAN190","190","2","2","1","2","1174|3975","Nyan, Soer, Ye Do Na Edwuma || Nyan, Soer, Ye Do Na Edwuma","1a6a1554b7c1|766dde8d26c4"
"CAN|CAN191|191","CAN","CAN191","191","2","2","1","2","1175|3976","Nyame Asomfo, Hom Nsoer || Nyame Asomfo, Hom Nsoer","0472e811c7d6|a987f1651b25"
"CAN|CAN192|192","CAN","CAN192","192","2","2","1","2","1176|3977","Ye Edwuma; Hwer, Ma Woho Nkom || Ye Edwuma; Hwer, Ma Woho Nkom","97018a283c8f|01a2e67bdd1c"
"CAN|CAN193|193","CAN","CAN193","193","2","2","1","2","1177|3978","Kyere M' kwan, Nyame Tumfo || Kyere M' kwan, Nyame Tumfo","738ca9908c91|8b48e9c10f20"
"CAN|CAN194|194","CAN","CAN194","194","2","2","1","2","1178|3979","Ewuradze, Wo Dzinm' Na Misim || Ewuradze, Wo Dzinm' Na Misim","13d8d0553204|d7fb516a68c3"
"CAN|CAN195|195","CAN","CAN195","195","2","2","2","2","1179|3980","Ao, Mo Wura, Ma Menye W' nnantsew || MHB600 Ao, Mo Wura, Ma Menye W' nnantsew","0a9214feb63f|b8696dae22d2"
"CAN|CAN196|196","CAN","CAN196","196","2","2","1","2","1180|3981","Megya, Minyim Me Bra Nyina || Megya, Minyim Me Bra Nyina","9f0ecf0a8581|09bc0c280750"
"CAN|CAN197|197","CAN","CAN197","197","2","2","1","2","1181|3982","Hom A Hom Enyi Tsim || Hom A Hom Enyi Tsim","4590db5d2ab8|14c463ded55f"
"CAN|CAN198|198","CAN","CAN198","198","2","2","1","2","1182|3983","Bethel Nyame, 'Wo a Wo nkorofo || Bethel Nyame, 'Wo a Wo nkorofo","6777934f47b6|db3bfd718362"
"CAN|CAN199|199","CAN","CAN199","199","2","2","1","2","1183|3984","Israel Akodom Sahen || Israel Akodom Sahen","2177fe9000af|c10b78062637"
"CAN|CAN200|200","CAN","CAN200","200","2","2","1","2","1184|3985","Agyedzifo Hon Kwankyerefo A || Agyedzifo Hon Kwankyerefo A","663d077a82ae|53a09e385743"
"CAN|CAN201|201","CAN","CAN201","201","2","2","1","2","1185|3986","Gya Hen, Osor Egya, Gya Hen || Gya Hen, Osor Egya, Gya Hen","fb8de4194796|a686362d05dd"
"CAN|CAN202|202","CAN","CAN202","202","2","2","1","2","1186|3987","Gya M', Kan Doyefo Wo Sum A Etwa || Gya M', Kan Doyefo Wo Sum A Etwa","bd391f20eeb9|b44237f6dc53"
"CAN|CAN203|203","CAN","CAN203","203","2","2","1","2","1187|3988","Gya M', O Gya m', Jehovah Tumfo || Gya M', O Gya m', Jehovah Tumfo","712421013579|4bb5bab74c77"
"CAN|CAN204|204","CAN","CAN204","204","2","2","1","2","1188|3989","O Adom Hen, Fi Sor Ahengua N' do || O Adom Hen, Fi Sor Ahengua N' do","a095657dd18c|e45324c7aa9f"
"CAN|CAN205|205","CAN","CAN205","205","2","2","1","2","1189|3990","Dzebonyenyi Kobesae A Mahaw || Dzebonyenyi Kobesae A Mahaw","51740186e888|1fb2eb25fc32"
"CAN|CAN206|206","CAN","CAN206","206","2","2","1","2","1190|3991","Ebufuw Da! Ao, Nyinsuwa Da || Ebufuw Da! Ao, Nyinsuwa Da","e49c8897cbe1|42807043cb7b"
"CAN|CAN207|207","CAN","CAN207","207","2","2","1","2","1191|3992","Ewuradze, Onnye 'Mi M'asem || Ewuradze, Onnye 'Mi M'asem","1233939a5a06|5636667151c0"
"CAN|CAN208|208","CAN","CAN208","208","2","2","1","2","1192|3993","Man Bi Wo Ho A Dew Mapa Wom' || Man Bi Wo Ho A Dew Mapa Wom'","7c46b21faab6|3049f416f380"
"CAN|CAN209|209","CAN","CAN209","209","2","2","1","2","1193|3994","Jerusalem, M'ahomka Fie || Jerusalem, M'ahomka Fie","5a0943bc2448|abfc12210b37"
"CAN|CAN210|210","CAN","CAN210","210","2","2","1","2","1194|3995","Hen Nkwaber Ye Tsia Wo Ha || Hen Nkwaber Ye Tsia Wo Ha","6fe0244584c9|fbd9282b5f2e"
"CAN|CAN211|211","CAN","CAN211","211","2","2","1","2","1195|3996","Hon A Wo Ntwamutam Suma Hon N' || Hon A Wo Ntwamutam Suma Hon N'","53ec98248fcb|245616366cda"
"CAN|CAN212|212","CAN","CAN212","212","2","2","1","2","1196|3997","Ewuradze A Meda Ho Twer Wo || Ewuradze A Meda Ho Twer Wo","cae91908421e|052151b8f027"
"CAN|CAN213|213","CAN","CAN213","213","2","2","1","2","1197|3998","Yesu Mfefo A Woko Ye Den || Yesu Mfefo A Woko Ye Den","44f35a48aa0c|7ec73db11720"
"CAN|CAN214|214","CAN","CAN214","214","2","2","1","2","1198|3999","Man Bi Wo Ho A Ohyeren Sen Wi Mpo || Man Bi Wo Ho A Ohyeren Sen Wi Mpo","14846549553b|22d27f40d0ff"
"CAN|CAN215|215","CAN","CAN215","215","2","2","1","2","1199|4000","Ao, Dwen Ofi A Owo Ho Ho || Ao, Dwen Ofi A Owo Ho Ho","72ffef989e56|c4d5d4597e37"
"CAN|CAN216|216","CAN","CAN216","216","2","2","1","2","1200|4001","Ana Yebehyia Baka N' Ho || Ana Yebehyia Baka N' Ho","f23a261848eb|902612107b84"
"CAN|CAN217|217","CAN","CAN217","217","2","2","1","2","1201|4002","Oman Bi Wo Ho, No Mu Hyeren || Oman Bi Wo Ho, No Mu Hyeren","7d240360735e|68ca8a6093c4"
"CAN|CAN218|218","CAN","CAN218","218","2","2","1","2","1202|4003","N-de Ye Ekan Da || N-de Ye Ekan Da","8d53de53137c|635b1fa1aa8d"
"CAN|CAN219|219","CAN","CAN219","219","2","2","1","2","1203|4004","Yedze Adwontow Hyee Ase Nde || Yedze Adwontow Hyee Ase Nde","d056fb538bc6|79a3bc71c273"
"CAN|CAN220|220","CAN","CAN220","220","2","2","1","2","1204|4005","Hen Wura, Da A Dze Kyee Hen N' Asa || Hen Wura, Da A Dze Kyee Hen N' Asa","7c40ab023d59|41856f89e153"
"CAN|CAN221|221","CAN","CAN221","221","2","2","1","2","1205|4006","Ahomgye Wura, Tsie Hen Asor || Ahomgye Wura, Tsie Hen Asor","050bc315d454|ea32bada56dc"
"CAN|CAN222|222","CAN","CAN222","222","2","2","1","2","1206|4007","Sor Abofo Ndze Nye Nsanku || Sor Abofo Ndze Nye Nsanku","0502daacc0ba|9d6c7e26302f"
"CAN|CAN223|223","CAN","CAN223","223","2","2","1","2","1207|4008","Hom Ntow Alleluia Nkyere Hom Ndaase || Hom Ntow Alleluia Nkyere Hom Ndaase","8da52b92bd7b|bd0a04383c9e"
"CAN|CAN224|224","CAN","CAN224","224","2","2","1","2","1208|4009","Hen Nyame Ye Kese || Hen Nyame Ye Kese","120c25ddc81a|56f5831c63a1"
"CAN|CAN225|225","CAN","CAN225","225","2","2","1","2","1209|4010","Nyame, Yedo Wo Fie || Nyame, Yedo Wo Fie","8e6b3e455c39|e3476192d36e"
"CAN|CAN226|226","CAN","CAN226","226","2","2","1","2","1210|4011","Sor Wiadze Horow Nyame || Sor Wiadze Horow Nyame","8eadaef1a17a|d14f30d39417"
"CAN|CAN227|227","CAN","CAN227","227","2","2","1","2","1211|4012","Wo Sor Abangua Ye Few || Wo Sor Abangua Ye Few","f8c5e4ab41cf|bc7c85895109"
"CAN|CAN228|228","CAN","CAN228","228","2","2","1","2","1212|4013","M'akoma Dzii Ehurusi || M'akoma Dzii Ehurusi","69c2cce33d39|0d7230f30984"
"CAN|CAN229|229","CAN","CAN229","229","2","2","1","2","1213|4014","Jesus, Fa Wusoer Tum N' || Jesus, Fa Wusoer Tum N'","916ddbae6ad8|29d8d8dbd5c4"
"CAN|CAN230|230","CAN","CAN230","230","2","2","1","2","1214|4015","Wimbir Ansaana Wi Roto N' || Wimbir Ansaana Wi Roto N'","491cc40a3cb9|dabe35ec1391"
"CAN|CAN231|231","CAN","CAN231","231","2","2","1","2","1215|4016","Nyame, Fa Wo Nhyira Gya Hen Kwan || Nyame, Fa Wo Nhyira Gya Hen Kwan","e247c28a86cf|6b46e977010c"
"CAN|CAN232|232","CAN","CAN232","232","2","2","1","2","1216|4017","Asor Ne Fapem Kortoo || Asor Ne Fapem Kortoo","e2d69cb537f8|539ae6bff340"
"CAN|CAN233|233","CAN","CAN233","233","2","2","1","2","1217|4018","Nyame Kuro Mbre Odua So || Nyame Kuro Mbre Odua So","aa994c9d53c1|b59cd30e93dc"
"CAN|CAN234|234","CAN","CAN234","234","2","2","1","2","1218|4019","Woka Wo Ho Enyimnyam Nsem || Woka Wo Ho Enyimnyam Nsem","d79684e242f1|304583e262f2"
"CAN|CAN235|235","CAN","CAN235","235","2","2","1","2","1219|4020","Yeda Ho Yetse Nkam' || Yeda Ho Yetse Nkam'","51aee4bf8194|c290c3694354"
"CAN|CAN236|236","CAN","CAN236","236","2","2","1","2","1220|4021","Ma Hen Honam Ndzi Mpaa || Ma Hen Honam Ndzi Mpaa","722d3e6bb8f8|59502e543fcc"
"CAN|CAN237|237","CAN","CAN237","237","2","2","1","2","1221|4022","Christ A Nhyira Nyina Fir Wo || Christ A Nhyira Nyina Fir Wo","1753ef3576fe|261fa6a10fb0"
"CAN|CAN238|238","CAN","CAN238","238","2","2","1","2","1222|4023","Jesus, 'Nye W' Asor Ntsena || Jesus, 'Nye W' Asor Ntsena","afbb9d516a6c|836b32f05063"
"CAN|CAN239|239","CAN","CAN239","239","2","2","1","2","1223|4024","Guanhwefo pa, dom hen Wo mboa || Guanhwefo pa, dom hen Wo mboa","327fc6cfd69b|e30a3cfd7717"
"CAN|CAN240|240","CAN","CAN240","240","2","2","1","2","1224|4025","Kenyan W' edwuma Yi || Kenyan W' edwuma Yi","8f3786437c19|acf8e9bbe58b"
"CAN|CAN241|241","CAN","CAN241","241","2","2","1","2","1225|4026","Ahomka Da Onye Da N' A || Ahomka Da Onye Da N' A","4a696fa085f6|f73fc408ff99"
"CAN|CAN242|242","CAN","CAN242","242","2","2","1","2","1226|4027","Hwe Mbre Israel Guanhwefo || Hwe Mbre Israel Guanhwefo","8f33d3e29cc1|89e77cedc047"
"CAN|CAN243|243","CAN","CAN243","243","2","2","1","2","1227|4028","Okofo, Soer Gyina || Okofo, Soer Gyina","d8a007018bd9|49e6506f2b7a"
"CAN|CAN244|244","CAN","CAN244","244","2","2","1","2","1228|4029","Honam A Wobuu Mboborhu Mu || Honam A Wobuu Mboborhu Mu","3cd21d42842d|1e938a1a31a7"
"CAN|CAN245|245","CAN","CAN245","245","2","2","1","2","1229|4030","Ewuradze Kronkron, Memmfata || Ewuradze Kronkron, Memmfata","42d3c535a2b6|9d6270acfcd5"
"CAN|CAN246|246","CAN","CAN246","246","2","2","1","2","1230|4031","Afei Hen Egya Yereka Wo Do N' || Afei Hen Egya Yereka Wo Do N'","d4a133604589|14b4eb6272ee"
"CAN|CAN247|247","CAN","CAN247","247","2","2","1","2","1231|4032","Agyenkwa No Do Ho Nkaa Ntsi || Agyenkwa No Do Ho Nkaa Ntsi","3e00afd2ccd9|e9ec9eb9f660"
"CAN|CAN248|248","CAN","CAN248","248","2","2","1","2","1232|4033","De Mbre W'adom Asem No Tse || De Mbre W'adom Asem No Tse","9496fc9092fb|07cf54477e6c"
"CAN|CAN249|249","CAN","CAN249","249","2","2","1","2","1233|4034","Ma Yenhu W' ber a yeridzidzi || Ma Yenhu W' ber a yeridzidzi","2b5abed8c20b|0c12dea999ac"
"CAN|CAN250|250","CAN","CAN250","250","2","2","1","2","1234|4035","Sor Paano A Enyen Me || Sor Paano A Enyen Me","64da9c9cc42b|318404d71a01"
"CAN|CAN251|251","CAN","CAN251","251","2","2","1","2","1235|4036","O Ewuradze, Ha Na Muhu W'enyim || O Ewuradze, Ha Na Muhu W'enyim","7b4fe841ab32|cfc9c718f91f"
"CAN|CAN252|252","CAN","CAN252","252","2","2","1","2","1236|4037","Christ Abo Werdam Apon Hen || Christ Abo Werdam Apon Hen","a084c53754e3|92c6695b7a80"
"CAN|CAN253|253","CAN","CAN253","253","2","2","1","2","1237|4038","N-dze A Wetsee Wo Eden || N-dze A Wetsee Wo Eden","c05a669c9064|d870ccf96a0a"
"CAN|CAN254|254","CAN","CAN254","254","2","2","1","2","1238|4039","Egya, Adze Nyina Yefo || Egya, Adze Nyina Yefo","e62e582f7441|fc92fcc4cda8"
"CAN|CAN255|255","CAN","CAN255","255","2","2","1","2","1239|4040","Yebo Wo Ewuo, Domfo Nyame Okorsa || Yebo Wo Ewuo, Domfo Nyame Okorsa","ab0ee79d77bb|1e412f385ffa"
"CAN|CAN256|256","CAN","CAN256","256","2","2","1","2","1240|4041","Sunsum Kronkron, Tsena Hen Kra Mu || Sunsum Kronkron, Tsena Hen Kra Mu","642cf09c8ce9|1fbbc3990d8b"
"CAN|CAN257|257","CAN","CAN257","257","2","2","1","2","1241|4042","Ewuradze, Kasa Kyere Me || Ewuradze, Kasa Kyere Me","4ec062589ed3|cc88c9cccb49"
"CAN|CAN258|258","CAN","CAN258","258","2","2","1","2","1242|4043","Ewuradze, Hyeren Hen Do || Ewuradze, Hyeren Hen Do","04eb4eef19d6|117288794398"
"CAN|CAN259|259","CAN","CAN259","259","2","2","1","2","1243|4044","N-dobaa Ewuradze, Tsie || N-dobaa Ewuradze, Tsie","5d8fb634c57b|54e51f04ef58"
"CAN|CAN260|260","CAN","CAN260","260","2","2","1","2","1244|4045","Hen Wura, Se W'asem Ntsi || Hen Wura, Se W'asem Ntsi","c4f95875e044|6e375018a551"
"CAN|CAN261|261","CAN","CAN261","261","2","2","1","2","1245|4046","O Twerammpon Nyame || O Twerammpon Nyame","158ad160b230|c0dab406f62a"
"CAN|CAN262|262","CAN","CAN262","262","2","2","1","2","1246|4047","Wiadze Ruwu; Daa Nyinara || Wiadze Ruwu; Daa Nyinara","5c3e6f8a5eab|72579c561182"
"CAN|CAN263|263","CAN","CAN263","263","2","2","1","2","1247|4048","Wokobo Dawur Wo Mbea Nyinara De || Wokobo Dawur Wo Mbea Nyinara De","e24bacb966d5|f4c5298bbbe9"
"CAN|CAN264|264","CAN","CAN264","264","2","2","1","2","1248|4049","Womfa Asempa N' Nko Ekyirekyir || Womfa Asempa N' Nko Ekyirekyir","e4cd1f11b97d|653442b26a32"
"CAN|CAN265|265","CAN","CAN265","265","2","2","1","2","1249|4050","Hom Ngyina, Hom Ngyina Mma Jesus || Hom Ngyina, Hom Ngyina Mma Jesus","030249ca4f18|88ff989275fe"
"CAN|CAN266|266","CAN","CAN266","266","2","2","1","2","1250|4051","Christian N-sordaafo || Christian N-sordaafo","af2fe2503e84|0cd0f1680e8c"
"CAN|CAN267|267","CAN","CAN267","267","2","2","1","2","1251|4052","Ma M' Gyedzi Ntsaban Ma Muntu || Ma M' Gyedzi Ntsaban Ma Muntu","377f2a339e46|8f982aa1cad0"
"CAN|CAN268|268","CAN","CAN268","268","2","2","1","2","1252|4053","Ahotsewfo A Apon Hon Edwuma A || Ahotsewfo A Apon Hon Edwuma A","35f0074c9ac1|091a52df0195"
"CAN|CAN269|269","CAN","CAN269","269","2","2","1","2","1253|4054","Woanam' Wohye Fufuw Yi || Woanam' Wohye Fufuw Yi","692037ee326f|29b9c5e4769a"
"CAN|CAN270|270","CAN","CAN270","270","2","2","1","2","1254|4055","Jesus De Nkwangye Reba N' || Jesus De Nkwangye Reba N'","1df5950ed265|e18e89598c09"
"CAN|CAN271|271","CAN","CAN271","271","2","2","1","2","1255|4056","Jerusalem Mbofraba || Jerusalem Mbofraba","f3d9fd639a7f|6f98b5b52910"
"CAN|CAN272|272","CAN","CAN272","272","2","2","1","2","1256|4057","Jesus Brefo A Edwe || Jesus Brefo A Edwe","265537ed88fa|124565a0bc96"
"CAN|CAN273|273","CAN","CAN273","273","2","2","1","2","1257|4058","Ewimbir Som Ekyir || Ewimbir Som Ekyir","e0dbf58c2721|19d6384857ec"
"CAN|CAN274|274","CAN","CAN274","274","2","2","1","2","1258|4059","Dza Oye Few Na Ohyeren || Dza Oye Few Na Ohyeren","4758dba6574c|4601cb216856"
"CAN|CAN275|275","CAN","CAN275","275","2","2","1","2","1259|4060","Modo De Metse Nsem A || Modo De Metse Nsem A","83a1dabfaa83|7164c5851a42"
"CAN|CAN276|276","CAN","CAN276","276","2","2","1","2","1260|4061","Ka Jesus Ho N-sem Kyere M || Ka Jesus Ho N-sem Kyere M","f455007f52c9|f10025788175"
"CAN|CAN277|277","CAN","CAN277","277","2","2","1","2","1261|4062","David Ahenkurowm Preko Bi || David Ahenkurowm Preko Bi","2bcec50f763a|31d1a113065f"
"CAN|CAN278|278","CAN","CAN278","278","2","2","1","2","1262|4063","Akokowaba Jesus Ennya Adasoe || Akokowaba Jesus Ennya Adasoe","b5db3e7d77dd|050d8ff6ad22"
"CAN|CAN279|279","CAN","CAN279","279","2","2","1","2","1263|4064","Se Meba Jesus Ho A || Se Meba Jesus Ho A","ca9be972c693|1d9ebd2bb28b"
"CAN|CAN280|280","CAN","CAN280","280","2","2","1","2","1264|4065","Mepe Mesua Jesus || Mepe Mesua Jesus","b928cae0e2f9|ad35782e1986"
"CAN|CAN281|281","CAN","CAN281","281","2","2","1","2","1265|4066","Daa Daa Nyina Yetonton Wo || Daa Daa Nyina Yetonton Wo","bd5b76389c89|b187e552d4da"
"CAN|CAN282|282","CAN","CAN282","282","2","2","1","2","1266|4067","Ewuradze, Fa Wo Nhyira Dom Hen || Ewuradze, Fa Wo Nhyira Dom Hen","7fe5355d2906|2d039b474944"
"CAN|CAN283|283","CAN","CAN283","283","2","2","1","2","1267|4068","Nyame Doyefo A W' ehumbobor || Nyame Doyefo A W' ehumbobor","109dc68fac4b|bcdd241d79f0"
"CAN|CAN284|284","CAN","CAN284","284","2","2","1","2","1268|4069","Ahomka Fi Nye Mbre Wodo Wo Kese || Ahomka Fi Nye Mbre Wodo Wo Kese","38d83060c77d|1bd1477d809c"
"CAN|CAN285|285","CAN","CAN285","285","2","2","1","2","1269|4070","Nyame Hen Mboa Mber A Oasen || Nyame Hen Mboa Mber A Oasen","1c3d0769485c|6f138337917e"
"CAN|CAN286|286","CAN","CAN286","286","2","2","1","2","1270|4071","Nyame Ngye Hen Hen Pa || Nyame Ngye Hen Hen Pa","7b51b49f044a|932294bc8ac1"
"CAN|CAN287|287","CAN","CAN287","287","2","2","1","2","1271|4072","Amansuon Twerammpon || Amansuon Twerammpon","b048b6606cd0|aadd7b4edfd0"
"CAN|CAN288|288","CAN","CAN288","288","2","2","1","2","1272|4073","Aman Wura A W' adom Doo So || Aman Wura A W' adom Doo So","2ab9b125d4d9|68a877f14574"
"CAN|CAN289|289","CAN","CAN289","289","2","2","1","2","1273|4074","Nyame Egya Tumfo || Nyame Egya Tumfo","43e5d1ccc590|03fae6ff59c4"
"CAN|CAN290|290","CAN","CAN290","290","2","2","1","2","1274|4075","Nyame, Fa Wo Nhyira Pon Hen || Nyame, Fa Wo Nhyira Pon Hen","9c1e9e5e08cd|a9edfe6d4708"
"CAN|CAN291|291","CAN","CAN291","291","2","2","1","2","1275|4076","Awerekyekyer Nyankopon || Awerekyekyer Nyankopon","7a888b72e1bb|03977a6b58dc"
"CAN|CAN292|292","CAN","CAN292","292","2","2","1","2","1276|4077","Odofo, Yema W' Nantseyie || Odofo, Yema W' Nantseyie","20b095819dd6|e22c4d27f77a"
"CAN|CAN293|293","CAN","CAN293","293","2","2","1","2","1277|4078","Kronkron Nyame A W' enyim || Kronkron Nyame A W' enyim","f5bfb18c73fe|4cb3fe8855ac"
"CAN|CAN294|294","CAN","CAN294","294","2","2","1","2","1278|4079","Dza Yedze Ma W' biara || Dza Yedze Ma W' biara","530e0a2d3799|958c4ffa57c4"
"CAN|CAN295|295","CAN","CAN295","295","2","2","1","2","1279|4080","Christ, W' enyimnyam Hye Wim' Ma || Christ, W' enyimnyam Hye Wim' Ma","ca9badce05dd|45e3649d5fd2"
"CAN|CAN296|296","CAN","CAN296","296","2","2","1","2","1280|4081","Me Kra, Ye Ntsem Nye Ewia Nnyan || Me Kra, Ye Ntsem Nye Ewia Nnyan","c13bc0cb60bc|50d6bb8d167b"
"CAN|CAN297|297","CAN","CAN297","297","2","2","1","2","1281|4082","Adzekyee Kan || Adzekyee Kan","6330bc9e8972|3fdd5b71dddd"
"CAN|CAN298|298","CAN","CAN298","298","2","2","1","2","1282|4083","Bra Ntsem, O Hen Wura, Pa Jesus || Bra Ntsem, O Hen Wura, Pa Jesus","135b38087304|142255c4a7a1"
"CAN|CAN299|299","CAN","CAN299","299","2","2","1","2","1283|4084","Adze Akye O || Adze Akye O","8fdda1f951d0|ab3a2a27ec81"
"CAN|CAN300|300","CAN","CAN300","300","2","2","1","2","1284|4085","Gyefo, Hyira Hen Ana Yeako || Gyefo, Hyira Hen Ana Yeako","501e733b3b97|0527e915b4a0"
"CAN|CAN301|301","CAN","CAN301","301","2","2","1","2","1285|4086","Anapawi Hyenhyenn N' etwam || Anapawi Hyenhyenn N' etwam","92d5ad6d2491|2f044be3987c"
"CAN|CAN302|302","CAN","CAN302","302","2","2","1","2","1286|4087","Gyefo Dofo, Me Kra N' ewia || Gyefo Dofo, Me Kra N' ewia","5883587be62c|ed3d9792bfd8"
"CAN|CAN303|303","CAN","CAN303","303","2","2","1","2","1287|4088","Adze Resa Ampa || Adze Resa Ampa","92cd2fe3720b|ea9d505131bb"
"CAN|CAN304|304","CAN","CAN304","304","2","2","1","2","1288|4089","Ansaana M' beda N', Yie Biara || Ansaana M' beda N', Yie Biara","7126e735e1b4|a5215b6c603a"
"CAN|CAN305|305","CAN","CAN305","305","2","2","1","2","1289|4090","Enye Me Ntsena || Enye Me Ntsena","8e6daa49d27b|923ade8cf949"
"CAN|CAN306|306","CAN","CAN306","306","2","2","1","2","1290|4091","Nyame A Eboo Sor Nye Asaase || Nyame A Eboo Sor Nye Asaase","e0fa77d959c0|a5b5b70d5a54"
"CAN|CAN307|307","CAN","CAN307","307","2","2","1","2","1291|4092","Ewuradze, Yerefre Wo || Ewuradze, Yerefre Wo","cd56d2c5218d|5df187e72060"
"CAN|CAN308|308","CAN","CAN308","308","2","2","1","2","1292|4093","Ewuradze, Nyame Otumfo || Ewuradze, Nyame Otumfo","8decb0f7970b|8351c3ccd43f"
"CAN|CAN309|309","CAN","CAN309","309","2","2","1","2","1293|4094","Nhyira Nka Akomamutsewfo || Nhyira Nka Akomamutsewfo","a007a881aff3|95020c236ae5"
"CAN|CAN310|310","CAN","CAN310","310","2","2","1","2","1294|4095","Hom Mbra Ma Yentu || Hom Mbra Ma Yentu","3b36bfc18ef5|c37532296464"
"CAN|CAN311|311","CAN","CAN311","311","2","2","1","2","1295|4096","Hom Ntow Jehovah N' ayeyi || Hom Ntow Jehovah N' ayeyi","e433c5a2fab8|96cec538dfa3"
"CAN|CAN312|312","CAN","CAN312","312","2","2","1","2","1296|4097","Yema Hen Akoma Do Tow || Yema Hen Akoma Do Tow","cdf87374d8ec|6988ae29f315"
"CAN|CAN313|313","CAN","CAN313","313","2","2","1","2","1297|4098","Nyew, Nyame Ye || Nyew, Nyame Ye","ccfd73aa5905|dbb4f65879ba"
"CAN|CAN314|314","CAN","CAN314","314","2","2","1","2","1298|4099","Hen Wura, Fi Wo Sor Tsenabew Do Tsie Hen || Hen Wura, Fi Wo Sor Tsenabew Do Tsie Hen","226b0d994c11|c7946a94377b"
"CAN|CAN315|315","CAN","CAN315","315","2","2","1","2","1299|4100","Nyame, Ndobaa Wura || Nyame, Ndobaa Wura","b8ef21e20777|7dadc739c1bd"
"CAN|CAN316|316","CAN","CAN316","316","2","2","1","2","1300|4101","Amansuon, Hom Mbra || Amansuon, Hom Mbra","d4c01359ed0d|de55391e5220"
"CAN|CAN317|317","CAN","CAN317","317","2","2","1","2","1301|4102","Abodze Nyinara Womfa Ndaase Ndwom || Abodze Nyinara Womfa Ndaase Ndwom","a11bcc0e71b1|576f0d525279"
"CAN|CAN318|318","CAN","CAN318","318","2","2","1","2","1302|4103","Mberantse Na Mbabaawa, Nkodaa Na Mberwa || Mberantse Na Mbabaawa, Nkodaa Na Mberwa","57a90a71b869|af99acdacaed"
"CAN|CAN319|319","CAN","CAN319","319","2","2","1","2","1303|4104","Wondzi Dew Mma Onua A Oewu Yi || Wondzi Dew Mma Onua A Oewu Yi","de129c67ebee|a1be99303cba"
"CAN|CAN320|320","CAN","CAN320","320","2","2","1","2","1304|4105","Ber A Dwumadzi Da Asa N || Ber A Dwumadzi Da Asa N","6af6b636e226|7951eb57f428"
"CAN|CAN321|321","CAN","CAN321","321","2","2","1","2","1305|4106","Osomfo Yi Apon Nde || Osomfo Yi Apon Nde","1104ffb351bf|dc8bab2b8265"
"CAN|CAN322|322","CAN","CAN322","322","2","2","1","2","1306|4107","Ber A Mbusu Abre Hen Adze || Ber A Mbusu Abre Hen Adze","8a3a8304cd02|554693cf512f"
"CAN|CAN323|323","CAN","CAN323","323","2","2","1","2","1307|4108","Mbo Na Ko, Sordaanyi Pa || Mbo Na Ko, Sordaanyi Pa","96516da41863|13cd27631aac"
"CAN|CAN324|324","CAN","CAN324","324","2","2","1","2","1308|4109","Da Yie, Dofo Fonafo || Da Yie, Dofo Fonafo","166794fa56bc|06e81d73961a"
"CAN|CAN325|325","CAN","CAN325","325","2","2","1","2","1309|4110","Menka Den Werehonyi || Menka Den Werehonyi","098f3574bb9e|8538bf112df8"
"CAN|CAN326|326","CAN","CAN326","326","2","2","1","2","1310|4111","Hom Ntaa Dzinn, Ehum Kese Etu || Hom Ntaa Dzinn, Ehum Kese Etu","d967969ce422|ff90a9326a33"
"CAN|CAN327|327","CAN","CAN327","327","2","2","1","2","1311|4112","Wontow Ehurusi Ndwom No || Wontow Ehurusi Ndwom No","40168585a7eb|f63257300ff7"
"CAN|CAN328|328","CAN","CAN328","328","2","2","1","2","1312|4113","Ahosepew Da Ato Hen || Ahosepew Da Ato Hen","9c81b992f5c2|b6d79198879e"
"CAN|CAN329|329","CAN","CAN329","329","2","2","1","2","1313|4114","Sunsum, Soer Yi Nyame Ayew || Sunsum, Soer Yi Nyame Ayew","daab74d025b1|f1719e189a13"
"CAN|CAN330|330","CAN","CAN330","330","2","2","1","2","1314|4115","Ayeyi Se N || Ayeyi Se N","d4e0d402b804|9d00033a2ee3"
"CAN|CAN331|331","CAN","CAN331","331","2","2","1","2","1315|4116","Midzi Nyim Daa, Daa || Midzi Nyim Daa, Daa","2a140fa6b2a5|ff689483532c"
"CAN|CAN332|332","CAN","CAN332","332","2","2","1","2","1316|4117","Odo Yi Anwanwa Do A || Odo Yi Anwanwa Do A","5753fe52e504|5abea35131bf"
"CAN|CAN333|333","CAN","CAN333","333","2","2","1","2","1317|4118","Bra Ma Hen Yegye Christ Dzi || Bra Ma Hen Yegye Christ Dzi","12985f2fa46f|68a2e772bbfb"
"CAN|CAN334|334","CAN","CAN334","334","2","2","1","2","1318|4119","Bofo Pa E! M' Egya Nyame E || Bofo Pa E! M' Egya Nyame E","c2ae051577c8|7c1fb0ccb234"
"CAN|CAN335|335","CAN","CAN335","335","2","2","1","2","1319|4120","Buebue Sor Ntokura || Buebue Sor Ntokura","bf3095918fd1|7044328ba860"
"CAN|CAN336|336","CAN","CAN336","336","2","2","1","2","1320|4121","Ndaase, Ndaase Nka Odoyefo || Ndaase, Ndaase Nka Odoyefo","4df5778732e0|1180163cd8ba"
"CAN|CAN337|337","CAN","CAN337","337","2","2","1","2","1321|4122","Mbaabun Beenum N || Mbaabun Beenum N","cd9022d24cb8|39470849d02a"
"CAN|CAN338|338","CAN","CAN338","338","2","2","1","2","1322|4123","Per Gye Hon A Woreyew || Per Gye Hon A Woreyew","118a740acb27|34405d7101a9"
"CAN|CAN339|339","CAN","CAN339","339","2","2","1","2","1323|4124","Oba Dzeseefo Nye Me || Oba Dzeseefo Nye Me","8e906de07718|ebd41046bdb5"
"CAN|CAN340|340","CAN","CAN340","340","2","2","1","2","1324|4125","Oba No Woawo No O || Oba No Woawo No O","c57d33b54f08|d8ca026a834b"
"CAN|CAN341|341","CAN","CAN341","341","2","2","1","2","1325|4126","Enyansafo Roko O || Enyansafo Roko O","2e75aba27e68|88449adcc46c"
"CAN|CAN342|342","CAN","CAN342","342","2","2","1","2","1326|4127","Ne Dzin Ara Nye Jesus O || Ne Dzin Ara Nye Jesus O","011f4340cc7f|1ecf1d90e2b7"
"CAN|CAN343|343","CAN","CAN343","343","2","2","1","2","1327|4128","Meenya Ngyirama Mpempem O || Meenya Ngyirama Mpempem O","d60c1496f811|09e3cedcf158"
"CAN|CAN344|344","CAN","CAN344","344","2","2","1","2","1328|4129","Kronkron! Kronkron! Kronkron || Kronkron! Kronkron! Kronkron","5ed5bf3c670c|8655464739c9"
